name,qid
Jack,Q1159009
James,Q677191
Lachlan,Q7705746
Benjamin,Q2424149
Joshua,Q3284319
Ryan,Q3943046
John,Q4925477
Patrick,Q18002623
Samuel,Q629347
William,Q12344159
Karna,Q10543969
Surya,Q132364666
Ramazan,Q20001976
Aarav,Q124360211
Vivan,Q98827266
Krishnamoni,Q108411104
Muhammad,Q5837762
Aryan,Q20001186
Lakhanee,Q123761870
Daniel,Q14516546
Jacob,Q25999604
Ethan,Q19828980
Thomas,Q16428906
Matthew,Q4927231
Michael,Q4927524
Ronald,Q2532287
Joseph,Q471788
Joel,Q588700
Jeffrey,Q13028078
Marlon,Q3849698
Richard,Q1249148
Noel,Q261113
Jonathan,Q1158394
Mehmet,Q19817828
Yusuf,Q17497922
Furkan,Q20000220
Mustafa,Q4308518
Emre,Q16275691
Lukas,Q20790
Florian,Q937379
Tobias,Q4928115
David,Q18057751
Alexander,Q923
Fabian,Q10546861
Michael,Q4927524
Julian,Q17856012
Simon,Q4117588
Noah,Q19819780
Lucas,Q12325000
Milan,Q1076681
Nathan,Q11167678
Louis,Q2897866
Maxime,Q18216057
Arthur,Q1778168
Robbe,Q26690114
Hugo,Q1242555
Jakub,Q1679656
Jan,Q12173670
Tomas,Q1546318
Adam,Q347181
Mátyás,Q16290783
Matej,Q2098717
Ondrej,Q15899814
Vojtech,Q98652673
Filip,Q998338
Martin,Q18002399
Victor,Q539581
Frederik,Q17539077
Emil,Q989320
Oscar,Q1951683
Oliver,Q2110096
Carl,Q2529610
Magnus,Q18109457
Christopher,Q1084472
Rasmus,Q1785744
Arthur,Q1778168
Robin,Q1158139
Markus,Q17520949
Kevin,Q605834
Karl,Q15731830
Mihkel,Q1624251
Juhani,Q1711543
Johannes,Q2117521
Olavi,Q1743980
Matti,Q1474085
Tapio,Q3817554
Kalevi,Q646082
Antero,Q3618441
Tapani,Q16281970
Ilmari,Q971212
Kustaa,Q1608176
Enzo,Q1346073
Gabriel,Q4925914
Timeo,Q15885990
Hugo,Q1242555
Ethan,Q19828980
Max,Q16422172
Paul,Q4925623
Leon,Q37080
Luca,Q12795232
Felix,Q18177136
Jonas,Q16646115
Tim,Q1369663
Finn,Q1940938
Bence,Q792639
Mate,Q16290653
Levente,Q1129594
Dominik,Q18199009
Marcello,Q17426555
David,Q18057751
Balázs,Q19025523
Milan,Q1076681
Noel,Q261113
Adam,Q347181
Jon,Q13501137
Sigurður,Q20903083
Gudmundur,Q131169817
Gunnar,Q120416
Ólafur,Q262439
Einar,Q1305819
Kristjan,Q18001656
Magnus,Q18109457
Stefan,Q4927128
Bjorn,Q18918290
Conor,Q616997
Sean,Q19801202
Adam,Q347181
Harry,Q668885
Álex,Q21401377
Francesco,Q2268455
Alessandro,Q17501723
Andrea,Q18177306
Lorenzo,Q4267021
Mattia,Q16279184
Matteo,Q10880598
Gabriele,Q17765515
Leonardo,Q18220847
Riccardo,Q15720880
Tommaso,Q15654302
Jānis,Q15289690
Pēteris,Q18640818
Andris,Q511666
Juris,Q16277512
Edgars,Q5337600
Martins,Q62003868
Aivars,Q411110
Roberts,Q16280961
Aleksejs,Q26911562
Oskars,Q7106965
Matas,Q17485167
Nojus,Q113483125
Dominykas,Q1238407
Yakov,Q544124
Kajus,Q65964115
Dovydas,Q15806508
Emilis,Q21921449
Benas,Q131466286
Markas,Q26897925
Carlos,Q364753
Francisco,Q7201446
Jose,Q19801116
Manuel,Q11113719
Diego,Q3579048
Antonio,Q7141520
Luis,Q2598693
Fernando,Q18115751
Andres,Q18091406
Jorge,Q14346236
Eduardo,Q18130894
Miguel,Q15620295
Juan,Q475210
Santiago,Q13422956
Ricardo,Q15720871
Victor,Q539581
Raul,Q13415699
Pedro,Q15897419
Hassan,Q16276444
Omar,Q4475314
Abdullah,Q307578
Ali,Q11905003
Ahmed,Q18607893
Samir,Q1158154
Hussein,Q1164078
Ibrahim,Q17630264
Muhammad,Q5837762
Bilal,Q16274743
Yasin,Q20000012
Othman,Q30091484
Hamza,Q11973868
Hans,Q632842
Johann,Q11122389
Friedrich,Q14038597
Wolfgang,Q2589157
Klaus,Q15635230
Jürgen,Q2670311
Heinz,Q11682369
Horst,Q381702
Dieter,Q18177026
Günther,Q3294006
Sven,Q2370957
Björn,Q8851571
Heinrich,Q2018484
Uwe,Q18515951
Ludwig,Q14159020
Rainer,Q18924871
Rolf,Q2163153
Ulrich,Q18011418
Werner,Q676823
Wilhelm,Q11027623
Daan,Q1156469
Bram,Q2148234
Jasper,Q1665973
Thijs,Q19793959
Pieter,Q1237447
Ruben,Q18114894
Sander,Q18670563
Koen,Q20746695
Bas,Q15813147
Floris,Q18545948