givennameLabel;qid
A.;Q19803442
Aalt;Q21147385
Aarnout;Q21144084
Abbe;Q111664994
Abbey;Q18199985
Abbie;Q20830295
Abbondio;Q19796101
Abdelali;Q112086095
Abdeljelil;Q54006558
Abdourahmane;Q108093615
Abdülkerim;Q16830272
Abdurahman;Q122232379
Abedin;Q122215383
Abercrombie;Q111048119
Abercromby;Q91171623
Abi;Q81903464
Abuzer;Q123581094
Achaz;Q23885849
Acland;Q92155507
Adah;Q121084975
Adeel;Q100144529
Adekunle;Q60269805
Adenike;Q101001185
Adewale;Q4682409
Adger;Q96009758
Adin;Q28457883
Adler;Q18606140
Ado;Q2824680
Adolphine;Q21142901
Adriatik;Q122206039
Aglionby;Q116257152
Agnew;Q56064801
Agnolo;Q97782921
Ai;Q96184711
Ai;Q96186013
Ailbhe;Q58280936
Aimilia;Q122233255
Ainslie;Q51734742
Ainsworth;Q106483030
Airlie;Q98650205
AJ;Q26849007
Ajet;Q122232340
Akers;Q116184226
Akke;Q18706987
Alakbar;Q26125494
Alanson;Q62089798
Albi;Q122232332
Alcide;Q1862642
Alcock;Q110899530
Aldegonde;Q2832272
Alderson;Q79258743
Aldred;Q107636834
Aleko;Q67999204
Alem;Q122232320
Alene;Q29032922
Alers;Q91860948
Alessa;Q78443084
Alexsander;Q97751654
Alfrida;Q10405115
Alfried;Q122232312
Ali;Q648010
Alket;Q122216068
Alleyne;Q26944839
Alline;Q112664077
Almiro;Q122233201
Alphonsius;Q21142513
Alqi;Q122207013
Alson;Q56524723
Alush;Q122215981
Alvord;Q114798070
Alyn;Q54811270
Alyse;Q65549019
Amali;Q122232292
Amalya;Q122451406
Amauri;Q105511844
Amel;Q16164391
América;Q27117888
Americus;Q97291627
Ames;Q28936941
Amet;Q122232276
Ameya;Q110290904
Amherst;Q88263604
Amik;Q122207327
Amílcar;Q21286220
Amirhosein;Q126900614
Amr;Q2844485
Amrish;Q100377501
Amrit;Q63344431
Ān;Q96251256
Ananda;Q20000094
Anant;Q50280901
Ananth;Q50280911
Andie;Q81903080
Andreana;Q54881671
André-Jean;Q122232263
Andrewes;Q109486176
Andrine;Q11958043
Androniki;Q122232257
Aneliya;Q126741295
Anesti;Q122232248
Ang;Q96241338
Ánh;Q104596727
Animesh;Q30670092
Anne-Élisabeth;Q65767177
Ānní;Q125357284
Annukka;Q5479970
Anoop;Q86914202
Anstruther;Q56259272
Anthimos;Q122232492
Anthoni;Q21143423
Anthonij;Q21141926
Antone;Q56024200
Anucha;Q4777725
Anupam;Q25203681
Anush;Q60575828
Anxhela;Q122233191
Ào;Q124619188
Aqif;Q122207043
Aram;Q4068496
Araminta;Q4784021
Aravind;Q122232231
Arbër;Q20000673
Arbi;Q122232222
Arbuthnott;Q111048176
Archdale;Q51954539
Arduino;Q16274921
Arias;Q111039330
Ariel;Q1793444
Arij;Q21141842
Ariosto;Q98102304
Arisa;Q127686821
Arlan;Q106441397
Arlete;Q67190715
Arley;Q12915109
Arline;Q3622804
Armani;Q61819236
Armitage;Q98528584
Arso;Q122232188
Arundel;Q56449420
Asadullah;Q86376013
Ashby;Q91079950
Ashe;Q66541379
Ashfaq;Q4804938
Ashworth;Q57689190
Asieh;Q116547857
Asparuh;Q122232182
Aspen;Q26944862
Assaad;Q111695261
Assane;Q28753708
Aster;Q85493043
Astrit;Q60785668
Atherton;Q39343022
Aubin;Q64743906
Aubone;Q116453991
Aubry;Q106481545
Aude;Q2870696
Aura;Q11853495
Aurélien;Q15635195
Avdi;Q122232164
Averell;Q66678449
Averill;Q111041051
Avery;Q790645
Aviad;Q79312998
Awais;Q118151012
Axelina;Q10423722
Ayalew;Q122867176
Ayfer;Q122232153
Ayhan;Q47088950
Ayman;Q11955774
Ayo;Q62481518
Ayodele;Q19901931
Aysegül;Q122232151
Ayshford;Q107524098
Azad;Q20000848
Azar;Q28169742
Azer;Q30669850
Azriel;Q95586455
B.;Q19803497
Ba;Q105640657
Ba;Q16256060
Babacar;Q56599269
Bacon;Q95595744
Bagher;Q116605539
Bahador;Q116608693
Bai;Q106832101
Bai;Q94538856
Baillie;Q106611241
Bainbridge;Q88240033
Baker;Q47500307
Baku;Q122215654
Bala;Q18285119
Baliol;Q113128382
Ball;Q64110432
Balla;Q86605714
Balram;Q63229975
Bancroft;Q28043503
Bāng;Q96241008
Banks;Q42261114
Bannatyne;Q108390844
Bao;Q104440241
Bảo;Q104596835
Baptiste;Q19927903
Baptistin;Q65786369
Barber;Q21143199
Barker;Q58483448
Barlow;Q94016617
Barnabé;Q29040032
Bartlett;Q53867733
Bartley;Q21505055
Barzillai;Q116003642
Basanta;Q115346912
Basem;Q83420763
Basheer;Q122232131
Basileios;Q122232130
Bass;Q41086191
Basset;Q97669157
Bassett;Q61121962
Bathurst;Q29791665
Bato;Q122232123
Baukje;Q21142568
Baylee;Q116686431
Beauchamp;Q58208051
Bebe;Q16256123
Becher;Q113128105
Beck;Q60185145
Beckett;Q87684441
Beckford;Q88774604
Beckwith;Q60930106
Bede;Q39365079
Begoña;Q5724869
Begüm;Q122232107
Beila;Q105368444
Bekim;Q116550025
Bela;Q11067517
Belal;Q56810960
Belton;Q115783761
Ben;Q104520754
Bentinck;Q108390174
Bentley;Q18608242
Berenger;Q105500126
Berhard;Q122233123
Bess;Q83507827
Bethell;Q123300092
Bethia;Q108123864
Betsey;Q87120561
Betti;Q56556023
Bevan;Q52287934
Beville;Q113128403
Bevis;Q108101930
Beyhan;Q122232075
Bhaskar;Q89195403
Bi;Q107980655
Bì;Q125042630
Bì;Q125043641
Bì;Q125053182
Bì;Q125053348
Bì;Q125062379
Bì;Q125066069
Biao;Q106855783
Biāo;Q125256851
Bibek;Q122232071
Bibi;Q65258015
Bijay;Q104858114
Bilbil;Q122232066
Biliana;Q122232065
Bimal;Q30703611
Bimbo;Q124096093
Bin;Q104253346
Bin;Q106992786
Bin;Q20065424
Bindon;Q112671123
Bing;Q107979885
Bǐng;Q125243499
Binod;Q4914477
Bintou;Q15212525
Biram;Q115169996
Bird;Q17509982
Birendra;Q101294438
Birgül;Q122232060
Bismarck;Q52577155
Bìxiá;Q125130621
Blackstone;Q125371169
Blackwell;Q90416176
Blagoja;Q122232480
Blaire;Q102185258
Blanchard;Q50318342
Bland;Q111048093
Bledi;Q122232472
Blessing;Q16275047
Bligh;Q47141404
Bliss;Q70606030
Blue;Q26960293
Blyth;Q90416635
Bo;Q20083705
Bobi;Q122232044
Bogislaus;Q110552631
Bola;Q103815275
Bonamy;Q88446500
Boni;Q5731943
Bonnie;Q4689423
Booth;Q16275056
Börje;Q3491357
Borlase;Q29023832
Boro;Q122232027
Boscawen;Q91610839
Boston;Q47456711
Bosville;Q81432970
Bosworth;Q116106637
Boughey;Q117798033
Bouke;Q21142388
Boulton;Q29470445
Bowden;Q111048175
Bowman;Q98545380
Bowring;Q81295881
Boyce;Q54820126
Boyle;Q20155801
Boynton;Q62092153
Braam;Q105595443
Bradshaw;Q112034392
Brahima;Q106205680
Brainerd;Q64614171
Branch;Q111836793
Braydon;Q51935247
Bregje;Q21142911
Bridgeman;Q105655895
Bridger;Q81907284
Bridges;Q60363461
Brieuc;Q66134243
Brighton;Q54383401
Brigitte;Q18175370
Brinsley;Q56168224
Brittain;Q125145269
Broadley;Q91702721
Broc;Q106765146
Brogan;Q97751278
Broke;Q92253189
Bronte;Q21534721
Brooke;Q3645341
Broughton;Q110796158
Brudenell;Q81412388
Brydges;Q105532196
Brynhild;Q521264
Bryon;Q85297312
Bù;Q124632299
Buchanan;Q62081104
Buckner;Q80470993
Bucky;Q55283526
Bukurie;Q116691222
Bulkeley;Q102158723
Buller;Q92677155
Bunny;Q17018071
Burbuqe;Q122231992
Burch;Q111040293
Burd;Q116194009
Burdett;Q47347288
Burdette;Q125857694
Burdon;Q84205503
Burgess;Q43099534
Burghardt;Q115275713
Burgoyne;Q126272003
Burleigh;Q29552949
Burnham;Q29358959
Burns;Q89332777
Burrell;Q69922266
Burrows;Q90973205
Burwell;Q71572017
Bushnell;Q121504357
Busisiwe;Q109466689
Buxton;Q48818088
Bùyí;Q124631978
Byam;Q29353427
Byard;Q120442626
Byeong;Q16256253
Byrd;Q91708249
Byrne;Q95226294
C.;Q19803499
Cacilda;Q122231987
Cade;Q97751615
Cady;Q16275135
Çağatay;Q57085859
Çağlar;Q64706767
Cai;Q96473305
Calder;Q61638869
Caldwell;Q16275138
Calhoun;Q97610487
Calmady;Q115751909
Cam;Q10440873
Cambridge;Q92677109
Camden;Q97751078
Cami;Q105093392
Camillus;Q21147578
Cammy;Q93167170
Camp;Q105448663
Candis;Q113800983
Candyce;Q105882091
Cao;Q94105859
Capel;Q16275160
Carew;Q56555922
Carle;Q111912921
Carlee;Q84079649
Carley;Q26944847
Carli;Q96476608
Carlie;Q85750666
Carlos Henrique;Q5042163
Carlson;Q111046671
Carmelina;Q52063209
Carmichael;Q89415011
Carnegie;Q61741989
Carol;Q18201469
Carrington;Q50874138
Carrol;Q57058029
Carson;Q16275176
Carstairs;Q99564555
Carswell;Q113128233
Cash;Q21235571
Cason;Q93745982
Cass;Q3661893
Cassie;Q19963541
Caswell;Q89395404
Cate;Q1050527
Cathalina;Q21143057
Cathinka;Q81898402
Cato;Q10981563
Cavendish;Q58011913
Cay;Q61957879
Cayla;Q56640658
Cayley;Q106917402
Cedomir;Q122231965
Cedrick;Q5057170
Cédrick;Q18074190
Cemre;Q65782818
Chace;Q93398662
Chadd;Q29018614
Challis;Q132731371
Chalmers;Q50414223
Chambers;Q89401279
Champion;Q113128212
Chandan;Q56221296
Chandra;Q3666114
Chandrasekhar;Q10448308
Chang;Q20085851
Chang;Q96240389
Chang;Q96593608
Chang-hyeon;Q68801997
Chángqìng;Q125253150
Chang-sik;Q69507136
Chang-sun;Q69507750
Chángyuán;Q125241838
Chaplin;Q89278621
Chapman;Q28035467
Chappell;Q116281676
Charise;Q116740587
Charlee;Q85751535
Charley;Q20631334
Charlie;Q16275193
Charmian;Q96162428
Charteris;Q88975028
Chase;Q20020127
Châu;Q104596892
Chaworth;Q105503632
Chaytor;Q113128116
Chee;Q16275194
Cheick;Q64682618
Chen;Q105453982
Chen;Q106797950
Chen;Q96185501
Chén;Q124818752
Cheng;Q96184837
Cheng;Q96185706
Cheng;Q96185737
Cheng;Q96350666
Cheng;Q96593609
Chéng;Q125313959
Chěng;Q125217575
Chengen;Q110633764
Chenghan;Q110627623
Chenglong;Q123051144
Chengxiu;Q110877912
Chengxu;Q111048193
Chengzhi;Q105441615
Cheol-gyu;Q69507890
Cheol-ho;Q68600886
Chesney;Q63922280
Chetwynd;Q105830155
Chi;Q20111552
Chí;Q124684449
Chick;Q54959050
Chilton;Q85470719
Chip;Q16163596
Cholmondeley;Q88957657
Chong;Q108613217
Chong;Q110906606
Chong;Q96252253
Chongshan;Q110906564
Chóngxìn;Q124784895
Christ;Q66906168
Christal;Q98059919
Christoforos;Q123581085
Chrysostom;Q8427243
Chu;Q106797031
Chu;Q106918723
Chuan;Q107978502
Chubby;Q87196155
Chǔcái;Q125510169
Chun;Q96631726
Chung-sik;Q69507378
Chunhua;Q106997081
Chunlei;Q19857295
Chương;Q113015223
Chuyu;Q106797836
Ci;Q107021163
Cibele;Q16739660
Cicely;Q21959500
Cierra;Q108614925
Clancy;Q20155939
Clarkson;Q62083525
Claudina;Q21146558
Claudionor;Q21286061
Cleland;Q57625199
Clements;Q44542435
Clervaux;Q116447819
Clete;Q5131962
Çlirim;Q123581072
Clunes;Q114797853
Cobb;Q109567384
Cochran;Q131683062
Cokayne;Q82197237
Cola;Q67200688
Colborne;Q105499955
Collier;Q51991575
Collings;Q110937709
Cong;Q104551491
Cóng;Q96479515
Congyi;Q96481960
Constant;Q2294971
Conway;Q16275234
Conyngham;Q110452630
Cookie;Q17018081
Coolidge;Q111750054
Coote;Q113128391
Cope;Q102221279
Corbet;Q107636816
Corky;Q107617356
Cornwallis;Q92383278
Corrinne;Q24970289
Cortlandt;Q61849578
Cortney;Q84492669
Cosby;Q111048149
Cosme;Q4515104
Cotterell;Q105655235
Coumba;Q65767264
Courage;Q113128356
Courteney;Q110552607
Coventry;Q105973494
Covington;Q130752280
Cowper;Q50824545
Cox;Q29575983
Cramer;Q117289427
Crane;Q54887714
Crawford;Q20731003
Crichton;Q84358567
Crina;Q21147639
Cris;Q21147640
Cristi;Q110795604
Cristy;Q28812927
Crofton;Q50391822
Crombie;Q105771552
Cromwell;Q60484367
Crosby;Q62060091
Cruz;Q20639746
Cubitt;Q96278413
Cudworth;Q110770359
Cui;Q105623387
Cully;Q85522059
Cung;Q112789797
Cunningham;Q51530158
Cường;Q112143903
Curtiss;Q28436251
Curwen;Q115271572
Curzon;Q113128275
Cushing;Q28167720
Cushman;Q19839041
Cutts;Q103724415
Cvetan;Q123581052
Cydney;Q106481514
Cyndy;Q98621939
Cynric;Q106264185
Cyprianus;Q63077925
Cyr;Q98205442
Cyrill;Q18177157
D.;Q19803500
D.J.;Q87664613
Da;Q97640111
Đa Minh;Q112183387
Dabney;Q26856918
Dade;Q110800634
Dafne;Q10465842
Dai;Q16275261
Dài;Q124849187
Dakin;Q123678108
Dallin;Q96745514
Dalrymple;Q41805342
Dalzell;Q104719738
Dampier;Q108428566
Dan;Q105460561
Dan;Q97573280
Dǎn;Q125188716
Danai;Q20002112
Dang;Q110907763
Dang;Q96748278
Danieli;Q111170202
Danillo;Q115615985
Daosheng;Q105440487
Darby;Q56571106
Darcey;Q60727619
Darel;Q5222511
Darin;Q21286733
Darla;Q21020730
Darley;Q64678762
Darrick;Q5225266
Darrius;Q89254795
Darron;Q51946298
Daryll;Q124539634
Daryn;Q52553745
Dash;Q93902579
Dashiell;Q93902890
Dashnor;Q122207032
Dashwood;Q64861190
Daut;Q122207006
Davenport;Q27948980
Davion;Q105953853
Davon;Q111019246
Davood;Q116609023
Dawes;Q108327341
Dàyǒu;Q124414633
Dàzhōng;Q125390926
De;Q94627855
De;Q96483228
de Grey;Q90878167
de Vere;Q105940034
De Witt;Q66735831
DeAndre;Q62123942
Deane;Q15804875
Deanne;Q55739455
Déchāng;Q125165136
Dee Dee;Q19508086
Deguang;Q110907783
Déhuá;Q124758666
Déjī;Q125202282
Del;Q21042811
Delaney;Q27678377
Delano;Q50376968
Delaval;Q61995100
Delos;Q104434343
Delves;Q64500334
Demario;Q123058656
Demetres;Q123587639
Demond;Q85523585
Dempsey;Q63204650
Dempster;Q28037765
Denada;Q122206999
Dendy;Q117865786
Deng;Q104517126
Denice;Q61427395
Denman;Q105697020
Denne;Q91168220
Dennys;Q94572871
Deodatus;Q58870329
Deron;Q28927465
Derrell;Q5262951
Derry;Q25114188
Dervish;Q122216030
Deryck;Q63871988
Desire;Q86591670
Deva;Q19798110
Devis;Q43382343
DeWitt;Q51717640
Déxīn;Q124415595
Dey;Q106466775
Dez;Q105305326
Dézhì;Q124858925
Dhananjay;Q81761686
Dhori;Q122206006
Di;Q50874388
Diah;Q57246033
Diǎn;Q124822940
Diandra;Q16275519
Diann;Q105703660
Didar;Q81904156
Didi;Q19508115
Didrik;Q15883468
Dieuwke;Q21142546
Digges;Q95443480
Dillard;Q59204887
Dine;Q123587480
Ding;Q107645320
Dingguo;Q104475997
Dingxin;Q124357744
Dìngyī;Q124684086
Dionisios;Q123587476
Dionte;Q119373979
Dipak;Q25114356
Dirkje;Q21141824
Disney;Q88183390
Divya;Q16290281
Djalma;Q21285754
Doan;Q123587462
Dobrée;Q88439968
Dobrila;Q71286987
Dobrin;Q123587460
Dobrinka;Q123587458
Dodge;Q16275547
Dodwell;Q90988301
Domonic;Q83689496
Domonique;Q96464827
Domville;Q113128281
Donaldson;Q29370313
Donell;Q5295649
Dong;Q20083698
Dōng;Q96080445
Donta;Q82753212
Dorette;Q21147668
Dorman;Q110989572
Dovydas;Q15806508
Downes;Q64623702
D'Oyley;Q107284553
Doyne;Q91401129
Dre;Q75046406
Drogo;Q103703891
Dru;Q65092008
Drury;Q56856550
Duan;Q96604616
Duānběn;Q124967480
Đức;Q76885428
Duda;Q21285829
Dudi;Q123593010
Dui;Q110834712
Dundas;Q47471953
Dunham;Q105448925
Dunlop;Q88617064
Duó;Q124414878
Dương;Q112578793
Durell;Q111048086
Dushan;Q123592672
Dusty;Q17018121
Duval;Q105128880
Duy;Q54943163
Dwane;Q27615222
Dyce;Q111038651
Dyer;Q115211307
Dyke;Q47298004
Dymphna;Q21146590
Dyson;Q52695774
E.;Q19803501
Ebtesam;Q123592645
Ebtisam;Q123592644
Edan;Q104324045
Edd;Q64736344
Eddine;Q63725283
Ede;Q19851029
Eden;Q1235086
Edgard;Q19832221
Edhem;Q123592641
Edmir;Q123592636
Edmundus;Q21147684
Eelis;Q61957832
Egbertus;Q21141993
Eilidh;Q63344306
Ekaterini;Q123759099
Elam;Q111072496
Elan;Q73644103
Elchin;Q76033490
Eleazer;Q21144140
Elhadji;Q62010285
Elín;Q1329501
Eliphalet;Q62083709
Elira;Q122206993
Elis;Q12788312
Elisabete;Q63315182
Elisaveta;Q123759065
Elize;Q21142460
Elizur;Q18198499
Elkan;Q21142852
Ellis;Q19688407
Ellison;Q82755039
Ellwood;Q56492917
Elmas;Q122207024
Elmore;Q55760530
Elnur;Q55704136
Eloïse;Q123759049
Elphinstone;Q21129917
Elske;Q21143067
Elvy;Q56198128
Elwell;Q111048092
Ema;Q18201672
Emeka;Q72725192
Emerald;Q18695824
Emlen;Q93762681
Emmitt;Q21021659
Eneida;Q122207344
Enkeleda;Q116549494
Enkeleida;Q122206012
Entela;Q122207319
Epes;Q116003332
Ephrem;Q107075965
Erald;Q122215660
Erdmuth;Q121180031
Ergün;Q123761475
Ergys;Q122206067
Erin;Q770100
Erjola;Q123761460
Erjon;Q123761459
Erle;Q21471152
Ermine;Q113622659
Ermyntrude;Q109646871
Erni;Q1325259
Ersi;Q123762194
Erving;Q21504981
Esfir;Q65153087
Esmaeil;Q60794894
Essa;Q123762169
Essence;Q119506535
Estes;Q97578169
Ethelbert;Q44449369
Ethelston;Q88882154
Étiennette;Q27669962
Eun;Q20065412
Eustis;Q114084323
Everest;Q103840986
Evgenii;Q123762141
Evgeniy;Q104504872
Ewing;Q16275775
Ewoud;Q21142420
Experience;Q86591657
Eyre;Q16275779
F.;Q19803502
Fa;Q96350664
Faber;Q120435151
Fabrizio;Q18011357
Fae;Q111846537
Fahrettin;Q15809220
Fairlie;Q111048127
Fakir;Q123762123
Falconer;Q38593339
Fallon;Q48981593
Fan;Q25439303
Fán;Q125153937
Fancourt;Q122960849
Fane;Q61744764
Fang;Q96637386
Fǎng;Q125120861
Fāng;Q96251275
Fanshawe;Q105657333
Farley;Q59218309
Farnsworth;Q92677114
Farokh;Q126915743
Farrell;Q28599788
Farris;Q108543100
Faten;Q16275803
Fatimata;Q3067236
Fauzi;Q122215407
Fawad;Q100152269
Fawn;Q105836405
Fāxiáng;Q125253491
Fazal;Q5439146
Fazlur;Q66763590
Fedde;Q21144151
Fei;Q20155450
Fei;Q96240522
Fejzi;Q116691255
Fellowes;Q87872338
Feng;Q106844982
Feng;Q124059813
Feng;Q97102688
Fēng;Q124414202
Ferguson;Q42940900
Ferial;Q123763557
Fernando;Q18115751
Fernie;Q88624986
Ferry;Q20630238
Festim;Q123763544
Fethi;Q21534898
Field;Q54859956
Fielder;Q110603227
Filmore;Q118117115
Finch;Q88277879
Findlay;Q20155926
Finis;Q97482039
Fiqiri;Q123763522
Fish;Q111048110
Fitzhugh;Q88587786
Fitzmaurice;Q106585209
Fitzpatrick;Q113128139
FitzRoy;Q92240617
Fleetwood;Q27639416
Florentinus;Q21143938
Fodé;Q99236886
Foley;Q71317148
Follett;Q94503808
Folliott;Q91060760
Forsyth;Q48979966
Fortescue;Q64597596
Fortune;Q23891291
Fothergill;Q111048138
Foto;Q122206021
Foulkes;Q114956350
Fountayne;Q115306345
Fownes;Q106474768
Francie;Q16275870
Francien;Q42298229
Frands;Q54165679
Fransiscus;Q21143946
Fransje;Q21142393
Fraser;Q20796710
Frederikus;Q21142045
Freke;Q111048114
Fremont;Q1003816
Friday;Q117787732
Friedl;Q21400631
Fromhold;Q84986902
Fu;Q96335552
Fu;Q96464388
Fu;Q96465730
Fǔ;Q124940293
G.;Q19803504
Gaël;Q15729610
Gagan;Q52158131
Gage;Q61058713
Gài;Q125292784
Galbraith;Q54863242
Gan;Q132178371
Gǎng;Q125292515
Gāng;Q106764171
Gannon;Q131551069
Gào;Q124433917
Gāo;Q96374464
Garance;Q20024819
Garnett;Q41415413
Garnik;Q20510599
Garratt;Q113128497
Gaspër;Q123818778
Gates;Q64731225
Gault;Q115683823
Gavriel;Q21505024
Gaynor;Q29614842
Gé;Q106871291
Gé;Q41145392
Geddes;Q28798115
Geertrui;Q21141831
Gen;Q110842198
Gen;Q110842448
Geneva;Q28707501
Genevra;Q105904892
Gennady;Q1502356
Geno;Q16275942
Gentian;Q21127502
Geoffery;Q65964578
Geoffroi;Q121047476
Geoffry;Q74331173
Geofrey;Q107636863
Gerardina;Q21141837
Géraud;Q29908027
Gerit;Q21147819
Gerlof;Q20981195
Gerome;Q16256800
Gerrie;Q21056410
Gervas;Q115303865
Geun;Q20058721
Geurt;Q21142574
Gholamali;Q118324178
Gholamreza;Q126947960
Gi;Q20064958
Giang;Q112079444
Gibbons;Q105708591
Gibril;Q105337123
Gidon;Q81334787
Gifty;Q28724423
Gildas;Q19883481
Gili;Q41230878
Gillean;Q85489733
Gillett;Q132562039
Gilly;Q84563384
Gilman;Q105009602
Gilmara;Q130558896
Gilmore;Q49187325
Gilpin;Q89390149
Gilroy;Q110588548
Gio;Q43382365
Gioia;Q19512398
Giora;Q52084599
Giota;Q122216019
Giuse;Q110184580
Giwi;Q87912734
Gjovalin;Q122207028
Gladstone;Q47582210
Gladwyn;Q21069181
Gligor;Q122215980
Glover;Q47037953
Goce;Q123817606
Godson;Q111072789
Gogi;Q5577375
Gold;Q98839164
Goldsmith;Q61742353
Goldwin;Q82922760
Gong;Q107980446
Gong;Q96335545
Gǒng;Q124540790
Gǒng;Q125131346
Gǒng;Q125345479
Gōng;Q106868718
Gongsu;Q110877828
Gönül;Q123817595
Goodenough;Q87250692
Goodman;Q62083073
Goodrich;Q88975762
Goold;Q114351407
Gor;Q11972374
Gorham;Q47491953
Gorjan;Q123817588
Gosse;Q21146102
Gòu;Q125202008
Gough;Q56434345
Goulburn;Q91088296
Gould;Q90398740
Graça;Q21286074
Grafton;Q83776837
Granger;Q42316690
Grantham;Q102522029
Gray;Q29514598
Greer;Q29763315
Gregoire;Q21147857
Grenfell;Q60330049
Gresham;Q57998115
Gresley;Q110637987
Gridley;Q113128437
Grier;Q104434350
Griet;Q27468527
Gro;Q3480578
Grosvenor;Q107636879
Grove;Q75976043
Gu;Q110868297
Gualberto;Q3778105
Guan;Q105453700
Guan;Q97651912
Guǎng;Q96108473
Guangyao;Q94574115
Guāngyì;Q125157417
Guanying;Q94088555
Gui;Q106804273
Guī;Q125166568
Guī;Q125216564
Guī;Q125216874
Guìhé;Q125230221
Gulli;Q101095557
Gulliver;Q110783478
Gunar;Q101379588
Guo;Q96099058
Guò;Q124806382
Guoguang;Q106766951
Guohua;Q110652659
Guólín;Q124756153
Guóqiáng;Q97783892
Guóqīng;Q124466783
Guorong;Q106914882
Guowei;Q96099044
Guoxiong;Q110652672
Guozhang;Q110920295
Guózhōng;Q124814987
Gurney;Q21079771
Guthrie;Q30326340
Guyon;Q29493710
Gwang;Q6450158
H.;Q19803505
Ha;Q20083683
Hà;Q112611426
Habibe;Q122216049
Hack;Q85661682
Hadas;Q56119863
Haddon;Q35350120
Haden;Q110796692
Hafid;Q101427450
Hǎi;Q96079668
Hải;Q100604623
Hajdar;Q123818722
Hajredin;Q123818717
Hakeem;Q62029375
Haldane;Q84200544
Haley;Q21127484
Halim;Q122207021
Hallam;Q27772802
Halle;Q21993666
Haller;Q111046004
Hallett;Q91732089
Halliday;Q42290866
Hamada;Q16276231
Hamdija;Q123818703
Hamer;Q101116146
Hamide;Q123818699
Hamlin;Q115022757
Hammond;Q30146120
Hamon;Q42062759
Hampden;Q57599639
Han;Q106763805
Han;Q108582536
Han;Q94694270
Hán;Q124749616
Hanan;Q65084898
Handley;Q51954853
Hang;Q69512881
Hanjo;Q98967996
Hans-Henning;Q125762550
Hansjoachim;Q62252550
Hanson;Q89502593
Hao;Q104376628
Hao;Q104377081
Haoran;Q104376156
Happiness;Q124667867
Happy;Q61438618
Harbord;Q111048137
Harden;Q100271064
Hardev;Q115203406
Hardie;Q56289502
Hardinge;Q90773394
Hardman;Q104637684
Hargrave;Q110900124
Hargreaves;Q110797919
Hariet;Q108879138
Harlin;Q111038791
Harlow;Q64831101
Harman;Q21143000
Harsh;Q56254010
Hartman;Q21146890
Harvard;Q111039902
Harvie;Q16290290
Harwood;Q105944780
Hastings;Q38687653
Hauwa;Q117780216
Hawley;Q54094127
Hawtrey;Q105448416
Haydon;Q50329401
Hayes;Q56189781
Haykaz;Q16387928
Hayo;Q65824830
Hayward;Q16276492
Haywood;Q97703885
Hazard;Q43079965
He;Q96251284
He;Q98399536
Hé;Q125206533
Hé;Q125246751
Hé;Q125310450
Hé;Q96068598
Head;Q113479190
Headley;Q110897878
Heaton;Q94480423
Hebe;Q43536241
Héctor;Q19688549
Heigo;Q50376267
Helder;Q20000413
Helenus;Q21143222
Helidon;Q123817528
Helios;Q123817525
Helke;Q1001236
Héloïse;Q18606335
Hemant;Q54666588
Hendricus;Q17516106
Hendrikje;Q21142078
Hendrix;Q110845506
Heng;Q105622731
Heng;Q107096979
Héng;Q125132436
Héng;Q125313775
Henshaw;Q111243567
Henson;Q26004614
Hepburn;Q111048139
Hepworth;Q108072900
Hermen;Q21142747
Hermon;Q21020443
Herrick;Q20155930
Herries;Q88947886
Hessel;Q21142774
Hewitt;Q107359514
Hey;Q90766951
Heydar;Q23049138
Hickman;Q113128438
Hicks;Q62073633
Hidayet;Q26810465
Hiếu;Q108172167
Higgins;Q104836740
Hildi;Q105502439
Hill;Q30228508
Himanshu;Q54006398
Hinds;Q110941613
Hinton;Q64026668
Hippoliet;Q18821737
Hiqmet;Q122207322
Hiraku;Q22953484
Hoàng;Q112661390
Hobson;Q108764590
Hoda;Q93997185
Hodder;Q113128146
Hojjat;Q126690136
Holbrook;Q50325865
Holden;Q16276905
Holdsworth;Q108659793
Holford;Q110852231
Holloway;Q133176334
Holton;Q112902981
Home;Q21079777
Hong;Q105627065
Hong;Q106761132
Hong;Q20089345
Hong;Q86589112
Hóng;Q124359413
Hóng;Q125230917
Hồng;Q112609769
Hongmei;Q59812991
Hóngrú;Q124372009
Hongyan;Q98049992
Honorine;Q21279029
Hooman;Q5898231
Hooper;Q27678415
Hopton;Q106468561
Horsburgh;Q125666879
Horsley;Q88291800
Hòu;Q125205900
Howe;Q29598746
Howel;Q97664774
Hua;Q110941082
Huái;Q125243799
Huan;Q110961842
Huan;Q110961881
Huan;Q110961892
Huán;Q125188954
Hub;Q25126013
Huda;Q4273538
Hudleston;Q111536966
Huệ;Q3143539
Hughie;Q25114324
Hui;Q104517179
Hui;Q105723439
Hui;Q108471308
Hui;Q108502967
Hui;Q17151875
Hui;Q96483225
Huiling;Q108471439
Hùng;Q104626010
Hungerford;Q61996158
Hương;Q112581009
Hurst;Q111072910
Hüsamettin;Q31837226
Hutton;Q104178974
Hyacinth;Q22205315
Hyacinthus;Q48074947
Hyatt;Q91528589
Hyeon;Q27342716
Hyeong-gu;Q69508093
Hyrum;Q29587232
I.;Q19803506
Iben;Q30935970
Ibrahim;Q892211
Idah;Q120968584
Idajet;Q122207022
Ietje;Q21143554
Igo;Q106572242
Ihnat;Q21557482
Ijeoma;Q31828687
Ikbal;Q122215411
Ilana;Q21818026
Ilirjana;Q122216036
İlkin;Q64774051
Inbar;Q30667957
Indu;Q96471306
Indy;Q13732592
Ingham;Q60484424
Ingi;Q20819034
Ingimundur;Q10535484
Innocente;Q43382370
Iori;Q19961756
Ippolita;Q21486046
Irit;Q67130875
Isidoor;Q20971503
Isidore;Q16868223
Isidorus;Q21144766
Iskandar;Q30315209
Ismaël;Q56240146
Ismay;Q96649587
Issa;Q60884757
Issac;Q17128284
Itala;Q1098457
Itay;Q106772303
Ives;Q90388499
Ivey;Q62087785
Izzat;Q28169791
J.;Q19803507
J.J.;Q20098789
Jacklyn;Q26198180
Jae;Q6121672
Jae-bong;Q69507295
Jae-gi;Q69507739
Jae-hwan;Q68599044
Jaelyn;Q6121723
Jae-ryong;Q69507547
Jae-soon;Q69507907
Jah;Q88767701
Jahja;Q122215417
Jaime;Q76435961
Jak;Q19823358
Jalil;Q65614283
Jalisa;Q110090846
Jamaine;Q99301216
Jami;Q11865840
Jamila;Q11927163
Jamison;Q56709702
Jan;Q69523536
Jane;Q1682564
Jansen;Q21148047
Jantine;Q21144811
Jaquan;Q100148832
Jarad;Q77872540
Jardine;Q88883796
Jaret;Q6160140
Jarich;Q123980721
Jarod;Q56166137
Jaron;Q19968014
Jarrad;Q50233854
Jarred;Q52244958
Jarrell;Q110741513
Jarrett;Q21406258
Jaxon;Q107546384
Jayasree;Q124668891
Jaydeep;Q113529317
Jaylin;Q97751080
Jaylon;Q63967999
Jayna;Q61792147
Jelani;Q60794142
Jelte;Q21143556
Jem;Q16277348
Jemina;Q123370002
Jenkin;Q21020632
Jenkins;Q29293983
Jenks;Q114151878
Jenner;Q43977103
Jeong;Q17151922
Jeong-guk;Q69507285
Jeovah;Q131311141
Jeptha;Q60580609
Jérémy;Q16277533
Jerod;Q25114143
Jeron;Q87572541
Jervis;Q52600486
Jess;Q18325859
Jetsun;Q118197857
Jetta;Q21142521
Jetty;Q60482466
Jewell;Q61740401
Jez;Q101427425
Ji;Q106798020
Ji;Q110878144
Ji;Q110880183
Ji;Q110880451
Ji;Q94522566
Ji;Q96239833
Ji;Q96623647
Ji;Q97040802
Jí;Q125188805
Jí;Q125319074
Jì;Q124459867
Jī;Q124652511
Jī;Q125148979
Jia;Q19731829
Jiā;Q105627507
Jiā;Q108576077
Jiabao;Q104440468
Jiahao;Q72980862
Jiaju;Q65925324
Jian;Q106967909
Jian;Q108509060
Jian;Q110866771
Jiàn;Q125121169
Jiǎn;Q106860106
Jiang;Q96343642
Jianguo;Q75965797
Jianhong;Q110618558
Jiànpíng;Q124465103
Jianzhong;Q106763393
Jiāxiáng;Q124367093
Jiaxin;Q106493275
Jiāyán;Q125294925
Jie;Q94088958
Jie;Q96631723
Jié;Q124392771
Ji-hui;Q10452527
Jilles;Q21142030
Ji-min;Q6191264
Jimy;Q48981721
Jin;Q108474944
Jin;Q124254492
Jin;Q18699285
Jin;Q20083681
Jin;Q96210737
Jin;Q96210767
Jin;Q98085073
Jìn;Q124363346
Jīnfú;Q124811150
Jing;Q106860110
Jing;Q96350665
Jìng;Q106823468
Jìng;Q110920532
Jǐng;Q96384083
Jīngguó;Q124426417
Jingjing;Q100275608
Jingxuan;Q106823393
Jìngzhòng;Q125343443
Jìngzōng;Q125053051
Jinhua;Q16277384
Jinlong;Q110633465
Jinsheng;Q110732074
Jìnxīng;Q124518864
Jiong;Q105453152
Jiong;Q105453283
Jiǒng / Guì;Q125157167
Jitske;Q21142556
Jíxiáng;Q93978352
Joannis;Q21143349
Joëlle;Q6298525
Joey;Q18385316
Johannus;Q21142332
Johnston;Q47890105
Johnstone;Q29646265
Joice;Q56692389
Jong;Q20085849
Jong-dae;Q69507967
Jong-gi;Q69507220
Jong-gu;Q69507276
Jong-sik;Q69507382
Jordie;Q48981876
Jordon;Q29203879
Jorgo;Q122206054
Josceline;Q21296587
Joselyn;Q98455778
Josine;Q21144851
Joslyn;Q63399636
Joss;Q56259971
Josslyn;Q95983385
Jourdan;Q20119950
Ju;Q106793324
Ju;Q20083679
Juan;Q110700065
Jud;Q21148108
Judd;Q52600493
Judocus;Q21142424
Ju-hui;Q68314570
Juliaan;Q20205045
Jun;Q27342860
Jun;Q96971867
Jun;Q96986764
Jun;Q96987156
Jun;Q96987408
Jun;Q97011264
Jun;Q97011384
Jun;Q97011386
Jun;Q97011572
Jun;Q97011931
Junhong;Q110625541
Jùnjié;Q96474303
Junshi;Q106686883
Junshi;Q106686899
Junxian;Q110646886
Justice;Q43303875
Juwan;Q48979006
Jūyì;Q125359635
Juzheng;Q96756947
K.;Q19803508
Kaat;Q20729828
Kacie;Q98873212
Kaden;Q110980555
Kady;Q25126017
Kae;Q62513337
Kaelin;Q120753121
Kai;Q107021278
Kai;Q108504257
Kai;Q122946923
Kailey;Q6347952
Kaio;Q124667077
Kakha;Q114852302
Kaleigh;Q26735884
Kalen;Q18325588
Kaley;Q90293967
Kali;Q18681259
Kallie;Q98930823
Kamryn;Q56771775
Kan;Q106879621
Kǎn;Q125165253
Kana;Q116770728
Kang;Q96343634
Karlie;Q56490155
Karna;Q10543969
Karo;Q11870174
Karolien;Q85773696
Karson;Q124361528
Karst;Q21146183
Katlyn;Q92937242
Kato;Q19966531
Kaur;Q31280703
Kaylan;Q126414721
Kayo;Q6380649
Kayode;Q100275639
Kayvan;Q132631929
Ke;Q109636967
Kè;Q125146142
Kē;Q124329077
Keaton;Q19858516
Keelan;Q108108679
Kehinde;Q16277792
Kei;Q106840639
Keiran;Q66310043
Keiron;Q104876088
Keller;Q26903170
Kellogg;Q52833237
Kelsall;Q88783148
Kelsi;Q107126390
Kelson;Q111154681
Kemi;Q94369135
Kèmǐn;Q125388568
Kendric;Q70437406
Kenelm;Q34930616
Kennard;Q96333057
Kenworthy;Q121076408
Keon;Q111072555
Kerby;Q60950085
Kerem;Q75839660
Kerin;Q101126428
Kerrin;Q88542387
Kerryn;Q16290419
Kerwin;Q21021634
Kev;Q105794013
Keyes;Q91086231
Kfir;Q115792536
Khadijah;Q109978620
Khaldoun;Q18543863
Khánh;Q98049023
Khashayar;Q100275626
Khoa;Q65104823
Khôi;Q112207693
Kidd;Q104709158
Kiersten;Q62400299
Kiệt;Q112144701
Kika;Q18428355
Kimo;Q131729029
Kingsford;Q113128039
Kingston;Q54869709
Kinsey;Q72702961
Kirby;Q16277992
Kiri;Q6415070
Kirkham;Q123297016
Kirkland;Q112066573
Kirkpatrick;Q96303829
Kirwan;Q92143289
Kishan;Q66023256
Kitchener;Q111048096
Kıvanç;Q66480960
Kiyoto;Q85846321
Klay;Q120869710
Klodian;Q123819976
Koço;Q122206008
Kōdai;Q85846352
Kodi;Q20155455
Kody;Q72405360
Koert;Q21142526
Kojo;Q61730918
Kongming;Q94292283
Konomi;Q58785358
Koos;Q18609462
Korey;Q131645148
Kostandin;Q122207023
Kotoe;Q48980956
Krenar;Q122207041
Kreshnik;Q3199680
Krishna;Q20502051
Kriss;Q111046459
Kristal;Q93207515
Kristaq;Q30315809
Kristell;Q65767491
Kristiaan;Q21143013
Kuàng;Q125359410
Kui;Q105641637
Kuí;Q105685280
Kujtim;Q116866236
Kūn;Q124692701
Kūn;Q124818548
Kunle;Q65083484
Kuo;Q122739916
Kuò;Q125217287
Kỳ;Q119718133
Kye;Q19597643
Kyffin;Q84844363
Kymberly;Q67200896
Kynaston;Q87550846
Kyriaki;Q15824746
Kyrle;Q83280849
L.;Q19803509
La Touche;Q95429106
La Verne;Q115507534
Lachie;Q95554317
Lael;Q3216049
Lahcen;Q20743037
Lai;Q96577191
Lake;Q61961399
Lala;Q4253383
Lâm;Q112651731
Lambton;Q110693247
Lan;Q106803552
Lan;Q6482786
Lán;Q124695438
Lancaster;Q111048135
Lang;Q51998303
Lang;Q94244704
Langford;Q97382506
Langston;Q43012926
Langton;Q42297832
Lanier;Q106529299
Lari;Q11874735
Lascelles;Q19965893
Lassaâd;Q24249609
Latham;Q27678444
Lathrop;Q47900836
Latimer;Q61806592
Latrell;Q30670088
Latrice;Q121206510
Lavender;Q90396273
Laver;Q123018593
Law;Q61701977
Lawford;Q120854845
Lawrie;Q85676676
Layne;Q56449208
Layton;Q56160498
Le;Q96401045
Lệ;Q113137891
Le Gendre;Q111244180
Leaf;Q123437784
Leake;Q105941502
Ledyard;Q17264829
Legh;Q55313655
Leigha;Q117664299
Leighton;Q16290513
Leilani;Q3229185
Leith;Q21279600
Leka;Q122205997
Lelia;Q21148175
Lempi;Q11875404
Lenox;Q56447086
Leopoldus;Q21143014
Leto;Q3831067
Levett;Q91185722
Levie;Q21074420
Lewes;Q111046698
Lexus;Q83811546
Lexy;Q113951630
Leyland;Q20205345
Li;Q110842906
Li;Q19810518
Li;Q96335554
Lì;Q104440010
Lian;Q112298616
Lian;Q96631733
Lián;Q125255869
Liang;Q27895328
Liang;Q96483232
Liang / Jing;Q94145446
Liat;Q94347112
Lie;Q96933362
Liel;Q20000530
Lihua;Q110677928
Lihua;Q96252481
Lijuan;Q110699871
Lìlì;Q124435397
Lìlíng;Q116443840
Lillie;Q26235096
Limor;Q67682992
Lin;Q112982039
Lín;Q124446136
Lín;Q124651203
Lín;Q124651525
Ling;Q105641636
Lingard;Q115222377
Linh;Q77114580
Linley;Q107321401
Linlin;Q85736493
Línzōng;Q124846873
Liping;Q122828670
Liran;Q111602612
Lisiane;Q65177301
Lister;Q87254197
Livingston;Q55644142
Livinus;Q21147134
Lizhu;Q110707501
Llambi;Q116689804
Lộc;Q125567192
Locke;Q16278511
Lockhart;Q50885845
Lockwood;Q29555162
Lodge;Q28727512
Loek;Q18642837
Lolo;Q16278522
Lomax;Q122039724
Long;Q96240828
Long;Q97576037
Longford;Q90124079
Loomis;Q73895583
Loran;Q98543098
Lord;Q91362400
Loring;Q83366225
Lothian;Q97455561
Lóu;Q124650080
Louis-Charles;Q63241230
Louiza;Q21142089
Lovell;Q87962493
Lowell;Q16290543
Lowthian;Q81403604
Loyce;Q53791627
Lu;Q110920895
Lu;Q96464390
Lù;Q125037968
Lubna;Q21293391
Lucca;Q56759872
Lucianus;Q21148224
Lucienne;Q19869385
Lucious;Q90102540
Ludolph;Q21146208
Ludwell;Q111678632
Lulëzim;Q122216055
Luman;Q115022746
Lun;Q95354001
Lun;Q96933259
Luó;Q125352279
Luò;Q125358091
Lura;Q96051748
Lut;Q18641018
Lý;Q113137909
Lyndhurst;Q105439124
Lynsey;Q16278629
Lynton;Q52246609
Lynwood;Q107636943
Lysander;Q55644161
M.;Q19803510
MacArthur;Q42303756
Mace;Q95282567
Macintosh;Q87761495
Mackey;Q105144663
Mackinnon;Q28131839
MacLeod;Q89092613
MacNamara;Q87257944
Macon;Q111072860
Madden;Q91588991
Maddi;Q21020691
Mahamane;Q24964224
Mahdiyeh;Q126600033
Mahito;Q85846522
Main;Q66682576
Maine;Q16278756
Major;Q19902046
Mal;Q20715961
Malachy;Q93942687
Malak;Q3843768
Malcom;Q64594440
Malise;Q62083468
Mammad;Q25538821
Man;Q105446050
Man;Q96104265
Manjeet;Q60794247
Manjola;Q122206995
Manol;Q122215551
Mansel;Q21018854
Mansell;Q88458999
Manson;Q83946539
Manton;Q107025479
Manus;Q21142365
Marash;Q122215499
Marc;Q17520944
Marcelle;Q3289530
Marcos;Q6757805
Margarett;Q62430014
Margarit;Q130159281
Margerie;Q119109375
Margita;Q17453068
Maricel;Q16290606
Maricela;Q64074492
Marietjie;Q124993744
Marinus;Q16278998
Marjan;Q18083285
Markley;Q111018421
Marlo;Q15834110
Marlow;Q29533463
Marlowe;Q61755262
Marni;Q67080669
Maro;Q3849764
Marquel;Q19902050
Marsden;Q52186513
Marsela;Q122215446
Marston;Q110811515
Martell;Q117474803
Marthe;Q1483687
Marv;Q53643770
Massy;Q110220241
Mat;Q42311104
Mather;Q16290658
Mathias;Q1818817
Mathildis;Q21148296
Mats;Q12370008
Matson;Q112976585
Maunsell;Q106405572
Maurie;Q48979250
Maxime;Q18216057
Mayne;Q57713048
Maziyar;Q126901306
McArthur;Q118314218
McClure;Q120333789
McCoy;Q113128578
McDonald;Q47299298
McDougall;Q110769881
McDowell;Q107062325
McFarland;Q112271604
McGill;Q116042728
McGregor;Q26986327
McKay;Q56502033
McKendree;Q122910442
McLain;Q110783657
McLaren;Q99482433
McRae;Q87760094
Meade;Q64853063
Mees;Q21142208
Mei;Q110624765
Mei;Q96631729
Měi;Q96114793
Meigs;Q122065011
Meiling;Q104250405
Meirav;Q105849073
Meiyu;Q110699869
Melis;Q20000612
Melton;Q114055260
Melvill;Q88459438
Melvina;Q115360167
Měng;Q130361540
Mercer;Q16279348
Meredith;Q1276644
Meredyth;Q110939507
Merethe;Q21467621
Merlijn;Q20725313
Merrell;Q131521854
Merritt;Q24091690
Merv;Q54873385
Metcalfe;Q97015994
Metodija;Q127418006
Meyrick;Q110231235
Meysam;Q116733044
Mi;Q124633156
Mì;Q124633510
Mì;Q125246644
Miǎnzhī;Q125246771
Michal;Q104771449
Michele;Q12901049
Michèle;Q18156313
Michell;Q113128546
Miên;Q112812704
Migena;Q116691198
Mihallaq;Q122215403
Míla;Q65032886
Mile;Q63730627
Millington;Q94516887
Milne;Q52486406
Milner;Q50324688
Milroy;Q108113220
Milto;Q126888468
Min;Q105623497
Min;Q19810279
Min;Q20058735
Min;Q25439343
Minella;Q122206045
Miner;Q62076211
Ming;Q110652775
Ming;Q96145619
Míng;Q26986583
Minghui;Q110633763
Míngyì;Q96145871
Mingzhe;Q110652669
Mingzhi;Q93974454
Minke;Q21143095
Minot;Q42737861
Minshull;Q95446545
Minton;Q90383000
Minturn;Q42858383
Mirai;Q25113708
Mircho;Q131621878
Mirel;Q112123734
Mischa;Q18229299
Misty;Q3859381
Mita;Q26778225
Mitford;Q111049638
Mitsue;Q25113813
Mizzi;Q95617960
Modupe;Q58451354
Moffat;Q20138624
Mohammad Abdelwahab;Q122232387
Mohammadamin;Q126600128
Molesworth;Q97477603
Monalisa;Q88154291
Monck;Q105500271
Monckton;Q113128253
Moncrieff;Q102628629
Monday;Q97751280
Monet;Q119729672
Money;Q113128121
Montefiore;Q113128552
Moody;Q50364540
Moon;Q16291739
Morant;Q87887805
Moresby;Q91597392
Morley;Q45368654
Morrell;Q111048129
Morse;Q113128135
Mosley;Q84892984
Mostyn;Q60438359
Mǒu;Q125252076
Mounteney;Q116034322
Mousa;Q61748951
Moutray;Q119404543
Mowbray;Q42847538
Moya;Q47514362
Mù;Q125342584
Mù;Q22809411
Mukhtar;Q108307526
Mukunda;Q59156109
Munroe;Q106441358
Murielle;Q20000644
Murrell;Q121503855
Mustafë;Q122215640
Mutsumi;Q26922414
Myddelton;Q130425730
Myzejen;Q116553847
N.;Q19803511
Nà;Q125357636
Na'ama;Q57305615
Nachman;Q106107496
Nadege;Q98555012
Nai;Q107645116
Najee;Q56240588
Naji;Q10594134
Najma;Q3434834
Nam;Q20031403
Nan;Q104374131
Nán;Q124470483
Nancie;Q91331029
Nannette;Q21145208
Nannie;Q18609496
Naoe;Q106532611
Naotsune;Q56686655
Nasi;Q122206064
Nasim;Q21127505
Natalis;Q47478424
Natan;Q112199674
Nataniel;Q21401538
Nath;Q56599063
Nathalie;Q16279976
Naval;Q115203259
Naved;Q98516358
Ndue;Q122207007
Neave;Q75178930
Nefertiti;Q125118074
Neff;Q124619038
Nehemia;Q21142881
Neki;Q122215266
Nelson;Q2782533
Nemat;Q59051920
Neptune;Q107636904
Neritan;Q122215555
Ness;Q19902057
Nevila;Q122215493
Nevile;Q61948777
Nevin;Q19967543
Nexhat;Q64569318
Nexhip;Q122207037
Ngọc;Q104625818
Nguyên;Q112126782
Như;Q112593714
Nhung;Q47520029
Nian;Q104370679
Nicaise;Q29550360
Nichol;Q106720693
Nichols;Q110931028
Nicky;Q600538
Nicolo;Q21148345
Nightingale;Q115694108
Nikolin;Q122206026
Nikoll;Q122215506
Ning;Q96335555
Nira;Q60181134
Nirav;Q7039911
Nishant;Q12435858
Niti;Q84242430
Nityanand;Q131935092
Nixon;Q55076955
Nnenna;Q21290952
Noga;Q50606562
Noni;Q18654459
North;Q42978392
Norton;Q16290858
Norval;Q21021626
Nowell;Q20726963
Nthabiseng;Q124994865
Nuredin;Q122206034
Nurul;Q96746379
Nyah;Q61794715
O.;Q19803512
Oakes;Q52159845
Obi;Q65037197
O'Donel;Q90398719
Oenone;Q89454402
Offley;Q65944498
Ogilvie;Q42307032
Ogle;Q88250837
Ohannes;Q7080618
O'Hara;Q110539072
Oihana;Q3349934
Olatunde;Q124616701
Oldfield;Q60442617
Oleguer;Q43400297
Olin;Q30864684
Ollie;Q20164339
Olly;Q33153291
Olu;Q7088783
Oluwaseun;Q98777105
O'Neal;Q61954629
Ophelia;Q995411
Orange;Q64201036
Ord;Q113128208
Oriola;Q122215683
Ormston;Q116478034
Orr;Q113128032
Orren;Q52247870
Orval;Q54943793
Osei;Q111072646
Osgood;Q88271995
Other;Q105842361
Ottiwell;Q7109480
Oula;Q11886048
Overton;Q28485602
Ozro;Q106472854
P.;Q19803513
Page;Q15471528
Paget;Q73102643
Pakenham;Q47500322
Pallavi;Q30669994
Palliser;Q89778097
Palmyre;Q106204694
Parish;Q120053180
Parke;Q50369105
Parkhurst;Q110772478
Parry;Q16280496
Parviz;Q100275456
Pascasio;Q26046115
Paschasius;Q26046097
Pasqualino;Q18629690
Patrice;Q10927061
Pattison;Q102622393
Paulet;Q62083977
Paul-Jean;Q63241278
Pearsall;Q117038921
Pearson;Q60927531
Pease;Q96322741
Peckham;Q133445042
Peel;Q56052179
Peere;Q116276891
Pèiyù;Q125131402
Pejman;Q123028071
Pele;Q58048637
Pelham;Q54447467
Pëllumb;Q122206003
Pemberton;Q108570167
Peng;Q104536731
Peng;Q106793301
Péng;Q124517846
Pengju;Q106792755
Pennington;Q90783445
Penrose;Q18062613
Penry;Q84544699
Pepper;Q117421225
Pepys;Q70951789
Perica;Q89848989
Perikli;Q122206031
Perkins;Q105501765
Perley;Q87361343
Pernette;Q19689522
Perri;Q7169612
Perrin;Q18608318
Pesaḥ;Q104519175
Petey;Q84981470
Petraq;Q122206005
Petrie;Q113128573
Phelps;Q61483026
Phêrô;Q110184957
Phi;Q112595557
Philibertus;Q21146249
Philo;Q28652493
Phong;Q98049024
Phuong;Q15918084
Phương;Q112128223
Phượng;Q112569927
Pí;Q125072259
Pì;Q125066417
Pī;Q125066159
Pickering;Q43206253
Pierpont;Q92047411
Pierrepont;Q106180134
Pierson;Q107499155
Ping;Q96184324
Píng;Q124366189
Píng;Q124366212
Píng;Q124784923
Píng;Q96182212
Pitcairn;Q112582772
Pixula;Q13577249
Piyush;Q7199797
Plantagenet;Q95425123
Pleasant;Q66742018
Pleun;Q21142005
Plumptre;Q113128379
Pollexfen;Q115751693
Poole;Q81279569
Pooneh;Q116606695
Pope;Q104899010
Popham;Q117146212
Porter;Q29709394
Povel;Q10638257
Powell;Q57959338
Power;Q42506454
Powhatan;Q90785016
Pownall;Q115751817
Prafulla;Q7237577
Prahlad;Q124850064
Pratt;Q111072777
Preng;Q122215984
Prentice;Q21471177
Prentiss;Q84317809
Prideaux;Q88266333
Priestley;Q106291357
Pritam;Q89278643
Probyn;Q115683511
Proctor;Q93883712
Prokip;Q109711906
Prue;Q105886136
Pu;Q124980556
Pu;Q124980747
Pǔ;Q96251263
Pulteney;Q94919970
Punam;Q122233444
Purcell;Q102045526
Putnam;Q110678220
Pym;Q109985937
Pyne;Q122147733
Q.;Q19803515
Qazim;Q116689583
Qi;Q106913784
Qi;Q106918722
Qi;Q110820391
Qí;Q96350668
Qì;Q125252906
Qǐ;Q125018899
Qǐ;Q125145778
Qǐ;Q125147902
Qiān;Q124640612
Qiān;Q96374446
Qiang;Q97655412
Qiānzhāi;Q124888756
Qiáo;Q124565874
Qin;Q106844966
Qin;Q110700024
Qing;Q110707546
Qing;Q56871973
Qing;Q96583178
Qìng;Q96251247
Qìngxiáng;Q124285750
Qiong;Q124881665
Qǐtài;Q124428292
Qǐwén;Q124719085
Quan;Q48126647
Quan;Q94700581
Quán;Q124448703
Quang;Q112115877
Què;Q124398256
Quirijn;Q21143615
Qun;Q104473822
Qurban;Q4247853
Quỳnh;Q112601280
R.;Q19803517
Ra'anan;Q117314323
Rabab;Q67181295
Radford;Q42589369
Radhouane;Q24248796
Ragip;Q122207034
Raglan;Q92240198
Raha;Q116821160
Rahmi;Q61626341
Rajan;Q63412656
Rajat;Q60613111
Rajmonda;Q122215671
Rakip;Q122215680
Rama;Q27943470
Ran;Q104376683
Rang;Q106992787
Ranjana;Q98165414
Rao;Q96465799
Rashaun;Q18393530
Rashleigh;Q108252621
Ratnesh;Q123152555
Ravindranath;Q116770622
Rawdon;Q20155800
Rawson;Q28484734
Razak;Q20157345
Razi;Q122216048
Răzvan;Q19011120
Redi;Q116866687
Redvers;Q54868069
Rəhilə;Q112187432
Reindert;Q21142141
Reka;Q126869718
Remko;Q21083498
Rén;Q124968000
Rèn;Q124967908
Renaat;Q47514324
Reşit;Q15867651
Revell;Q113128201
Reynell;Q89838776
Reynolds;Q19874164
Rezart;Q122215421
Rhoderick;Q114563736
Rhodes;Q21402248
Richards;Q47162960
Richardson;Q89486862
Rickey;Q28701948
Rida;Q83499469
Rients;Q21147264
Rigby;Q50382516
Rijin;Q110920906
Rijk;Q21142159
Rima;Q1565914
Risheng;Q107301792
River;Q66103377
Rixin;Q94994023
Rizki;Q122463282
Roche;Q50840739
Rochford;Q111039518
Rochfort;Q78468331
Rocky;Q3939822
Rodgers;Q122066449
Rodolph;Q54806918
Roe;Q19681546
Rogerson;Q105504323
Roine;Q10656415
Rolfe;Q93772475
Rollie;Q20716377
Roly;Q63969572
Rome;Q98557812
Rommy;Q111242155
Rong;Q106871296
Rong;Q96099576
Ronghua;Q110652664
Roshan;Q20001426
Rossano;Q110123842
Rowe;Q98907598
Royall;Q116001554
Ru;Q106967902
Ru;Q108858810
Ruaraidh;Q101263690
Rube;Q66490706
Rui;Q100924304
Rui;Q106762376
Rui;Q106762459
Ruìlín;Q124446102
Rumoldus;Q21147280
Runzhi;Q94477713
Rush;Q34907056
Rust;Q133249299
Ruurd;Q21143110
Ryland;Q59204194
Rylie;Q116686608
Ryne;Q18953563
Ryno;Q111073054
Ryōhei;Q55073126
S.;Q19803518
Sachi;Q120647022
Sachi;Q58785371
Sadaf;Q110572928
Sade;Q96626951
Sadleir;Q84675494
Sae;Q58785364
Saeid;Q126720252
Safa;Q20001995
Sage;Q20821800
Sai;Q20001024
Saikat;Q24970252
Sal;Q21042813
Sales;Q19968342
Salif;Q55114537
Saliou;Q30670172
Salmon;Q101212580
Salomone;Q16029835
Salusbury;Q87554362
Sam;Q12800694
Samah;Q45321546
Sameh;Q68467816
Sammi;Q110822897
Samu;Q11892285
Sana;Q19387557
Sanaa;Q26055862
Sanchita;Q16281184
Sandbach;Q91991645
Sanderson;Q84207491
Sandhya;Q54265236
Sandi;Q12800734
Sandip;Q55197738
Sandrina;Q21143385
Sandys;Q108326791
Sang;Q27350540
Sanjana;Q110533170
Sanjaya;Q18720653
Sanni;Q19368856
Saran;Q25114791
Saumarez;Q88057164
Savanna;Q11892656
Savery;Q116878026
Scarlett;Q3951638
Scudamore;Q110148011
Seaborn;Q110728733
Sealy;Q113128008
Searle;Q62075371
Seaton;Q55077301
Seaver;Q126207662
Seely;Q91988641
Segun;Q57329218
Seikō;Q58785404
Sela;Q110799414
Selby;Q44445101
Selvin;Q110795541
Sēn;Q110693098
Seok;Q20054804
Seppe;Q20730211
Séraphin;Q3511103
Seraphinus;Q21146271
Sergii;Q57539215
Servatius;Q21145467
Seton;Q75070738
Seung;Q20083676
Sewall;Q50319495
Seward;Q41726716
Sewell;Q47483052
Seydina;Q106375053
Seynabou;Q3481045
Shae;Q16281347
Shahab;Q83443960
Shahar;Q104836755
Shahriar;Q100275712
Shaip;Q122207358
Shaka;Q105519366
Shakespear;Q47507856
Shakir;Q26816832
Shalom;Q20001228
Shama;Q110572160
Shamar;Q18324390
Shan;Q107980294
Shan;Q95057409
Shan;Q96479517
Shàng;Q105660957
Shāng;Q105661826
Shani;Q19968354
Shannon;Q2277031
Shanon;Q116752676
Shantanu;Q107321425
Shantel;Q91473762
Sháo;Q124984812
Shàoyún;Q124757671
Shapland;Q115208381
Shara;Q62830192
Sharif;Q105690290
Sharpe;Q110676811
Sharron;Q19768383
Shaukat;Q7490755
Shawqi;Q24249583
Shayne;Q21416490
Shea;Q3959296
Shedden;Q111048179
Sheffield;Q97461296
Shefki;Q122206057
Shefqet;Q122207030
Shelli;Q107561604
Shelly;Q3959356
Shen;Q106992785
Shen;Q108483720
Shèn;Q124967213
Sheng;Q106844969
Sheng;Q96637385
Shēng;Q106879609
Shēng;Q106879610
Shep;Q117713972
Sheppard;Q28125222
Shereen;Q84244573
Sherrington;Q117377448
Sherwin;Q21055696
Shi;Q106845018
Shi;Q106855780
Shi;Q106879619
Shi;Q106918726
Shi;Q108502018
Shi;Q123698767
Shì;Q125314511
Shilpa;Q52159220
Shion;Q3482314
Shiri;Q96272574
Shishir;Q19797052
Shiv;Q105156088
Shìxūn;Q124408766
Shìxūn;Q124408960
Shìyīng;Q124880919
Shizuka;Q124642201
Shizuka;Q27891741
Shokoufeh;Q116548127
Shou;Q104513933
Shou;Q96464392
Shòu;Q125169281
Shǒu;Q124784633
Shǒurén;Q124784615
Shòuyì;Q125169218
Shpëtim;Q122206022
Shree;Q26741883
Shu;Q108665540
Shu;Q110699996
Shu;Q96593612
Shuang;Q110877603
Shubha;Q7504552
Shuckburgh;Q91565647
Shúfēn;Q72980877
Shuhua;Q110699861
Shujuan;Q110680894
Shuzhen;Q110699860
Shuzhen;Q110707732
Shūzhèng;Q125103179
Shyqyri;Q122206004
Si;Q96251260
Sīchéng;Q124408580
Sidi;Q61743716
Sierra;Q60505889
Sījìng;Q124986416
Sīlǐ;Q125018667
Sim;Q52073000
Simina;Q21147297
Simms;Q105806497
Simó;Q43400303
Singh;Q55078046
Singleton;Q63046272
Sione;Q57060329
Sivan;Q20002018
Sjouke;Q21143396
Skeeter;Q56754121
Skinner;Q104596784
Slaheddine;Q24249442
Slamet;Q30294298
Slava;Q28812384
Slim;Q94042780
Slingsby;Q95581175
Sly;Q75962416
Smadar;Q52152654
Smart;Q113128577
Smyth;Q116280948
Snell;Q89688218
Sneyd;Q108253981
Snow;Q61742441
Sølve;Q12004736
Somayyeh;Q126690990
Somerville;Q94026858
Sơn;Q112660112
Sonam;Q7560775
Soroush;Q10674037
Sotiraq;Q122207235
Souleymane;Q2304036
Soumaya;Q3491737
Southwell;Q61014255
Souvik;Q7571547
Spalding;Q107015152
Spencer;Q16281695
Spurgeon;Q56994213
Srinivasan;Q123152605
St. Quintin;Q109670997
Staf;Q97679812
Stanfield;Q111045688
Stanhope;Q98808914
Stansfield;Q110772344
Stanton;Q55496658
Staples;Q97477568
Stapleton;Q28874569
Starling;Q51408182
Starr;Q86009176
Staveley;Q108327610
Steele;Q16281739
Steeven;Q24964289
Stefanus;Q21142498
Štěpánka;Q23531863
Stéphane;Q3501543
Stephania;Q21148523
Steuart;Q80421653
Stevenson;Q104922931
Steyn;Q111072999
Stilian;Q122207033
Stoddart;Q107298414
Stone;Q87472505
Stopford;Q107390454
Stoughton;Q66537938
Stratton;Q30020173
Stretton;Q120052820
Strickland;Q50917585
Struan;Q107405062
Studdert;Q104632029
Studholme;Q97015950
Styrbjörn;Q10682783
Su;Q20065421
Sū;Q125357800
Suad;Q20002025
Subodh;Q50843052
Suí;Q124619818
Sullivan;Q97422356
Sultana;Q21148530
Sumit;Q60785514
Surya;Q20000926
Suso;Q43400282
Sutton;Q100253455
Suyash;Q122376135
Suying;Q108871959
Suzete;Q123409738
Swaine;Q90394065
Swan;Q47483115
Swati;Q63711251
Sybren;Q63077926
Sydenham;Q66722643
Syl;Q25114598
Symonds;Q66724928
Syrja;Q122215431
Taek-su;Q69507415
Taft;Q111048168
Tai;Q106967904
Tai;Q96195237
Tài;Q113299846
Taimi;Q11896002
Taiwo;Q55384132
Talha;Q2390237
Tam;Q21396323
Tâm;Q112597427
Tamanna;Q112187541
Tamati;Q85231180
Tamiko;Q3980620
Tamme;Q98140910
Tamsen;Q114101214
Tan;Q18608336
Taniela;Q16884263
Tanush;Q122207320
Tao;Q20155713
Tarek;Q105624131
Tarquinio;Q3981171
Tashko;Q122215662
Tasneem;Q7687580
Tate;Q48774321
Tatham;Q91391490
Taurean;Q88939430
Taylah;Q52071793
Taynara;Q81902459
Teagan;Q28736251
Tefik;Q122206014
Tefta;Q122216053
Teja;Q12005362
Telfer;Q114341592
Telly;Q29171440
Tempest;Q62075682
Temple;Q18608513
Templeton;Q64584578
Tennant;Q41287791
Tennessee;Q106529275
Tennyson;Q46706310
Tenzin;Q19968658
Tesfaye;Q104836750
Thadeu;Q124395926
Thái;Q100363231
Thanas;Q42417275
Thankful;Q86591659
Thảo;Q34022531
Thatiana;Q123409866
Theunis;Q21142286
Thịnh;Q112843605
Thomaz;Q21020601
Thomazine;Q119147907
Thompson;Q21020754
Thomy;Q114598855
Thorn;Q113128358
Thorne;Q97992067
Thorpe;Q119728861
Thu;Q112569570
Thurlow;Q75981542
Thurstan;Q111108604
Thúy;Q112119370
Thùy;Q112580588
Thủy;Q112652895
Tiaan;Q105797293
Tian;Q16282090
Tian;Q96465720
Tiān;Q124799362
Tiānbǎo;Q124823627
Tianci;Q107011323
Tianxi;Q105627063
Tidiane;Q21132646
Tierney;Q26903162
Tijmen;Q20894896
Tila;Q112684009
Tilden;Q64138965
Tilghman;Q38877143
Timotej;Q15887617
Tinashe;Q18212540
Tindal;Q89462840
Tineke;Q21056411
Ting;Q104326227
Ting;Q104738919
Ting;Q110872941
Tíngguāng;Q96094788
Tínghàn;Q125154216
Tíngxìn;Q124845437
Titilayo;Q110920527
Titu;Q42945762
Tobe;Q107549252
Tobi;Q19968409
Tola;Q7814082
Tomoo;Q85847832
Tong;Q96195488
Tóng;Q124635107
Toni;Q1929038
Tonin;Q122206015
Tope;Q110796572
Torey;Q15851235
Torry;Q108278608
Tosin;Q30669996
Tower;Q111072523
Towers;Q88976018
Townley;Q107636837
Townsend;Q29571515
Townshend;Q99439393
Traill;Q64821785
Trang;Q52558017
Trant;Q104710287
Travers;Q51361016
Treat;Q85263177
Trefusis;Q113128288
Tremaine;Q57677920
Trenchard;Q63442094
Trevelyan;Q96098133
Trevon;Q48980442
Trey;Q19720184
Trí;Q112116302
Trinh;Q112206263
Trinity;Q105396010
Tristam;Q110729501
Tristen;Q54805729
Tristin;Q55721827
Trueman;Q113128196
Trupti;Q120684685
Trym;Q12007773
Tuala;Q115486324
Tuìzhī;Q124421681
Tùng;Q112578808
Tunis;Q47457038
Tường;Q112613701
Turki;Q16282220
Turner;Q16282224
Tushar;Q40195844
Tuyết;Q116922884
Tyndall;Q110770064
Tyrese;Q16282234
Tzipora;Q63457237
U;Q17152333
U.;Q19803521
Uche;Q64280568
Uchenna;Q97751592
Uk;Q20080345
Umida;Q63860365
Underwood;Q110527954
Uno;Q6304362
Urbanus;Q2705782
Urquhart;Q28946746
Usama;Q54855022
Usha;Q76153956
Vaibhav;Q7908686
Vail;Q124694108
Valdete;Q122215561
Valdimar;Q16429590
Valeer;Q47468705
Valentijn;Q21143651
Vallance;Q116042225
Valmir;Q15852407
Văn;Q104596484
Vandeleur;Q96116427
Vanderbilt;Q88271028
Vartan;Q96109411
Vasfi;Q25932151
Vashti;Q21020430
Vasileios;Q122215991
Velia;Q4009354
Vere;Q19870754
Verity;Q54766409
Vern;Q15852699
Verne;Q96356005
Véronique;Q17496626
Vesey;Q109910539
Victorina;Q21147345
Việt;Q2033083
Vin;Q55670402
Vineet;Q86449418
Vinh;Q112570197
Vinit;Q59560405
Vinnie;Q56641726
Virendra;Q42318257
Vitore;Q122216000
Vusi;Q130239837
W.;Q19803523
Waddell;Q95000364
Wadsworth;Q42302956
Wake;Q110699445
Walcott;Q111242738
Waldegrave;Q91971396
Walford;Q107636908
Waller;Q40599913
Wallis;Q16282581
Walo;Q10719215
Walpole;Q99485719
Walters;Q59485181
Waltherus;Q21142437
Walton;Q29370047
Wán;Q125343954
Wǎn;Q125132775
Wǎn;Q125145757
Wanda;Q786005
Wang;Q105652164
Wang;Q105660548
Wang;Q105660725
Wang;Q108475198
Waseem;Q61983197
Watkins;Q28125699
Watts;Q50149859
Way;Q111081464
Wayde;Q7975880
Wayland;Q90723873
Wayman;Q75169981
Webber;Q46591649
Wei;Q94579711
Wei;Q96248175
Wei;Q96374436
Wèi;Q124283291
Wèi;Q125251982
Wēi;Q94579773
Wéihàn;Q124372938
Weiqiang;Q124391440
Weir;Q42298263
Welbore;Q19873492
Wellesley;Q41965834
Wells;Q38110754
Wellwood;Q88950836
Wemyss;Q88962916
Wen;Q106967901
Wèn;Q124262331
Wèn;Q124282442
Wenbin;Q110608257
Wenbin;Q110608346
Wenbin;Q110609488
Wéncàn;Q124480414
Wéndá;Q97650656
Wénhàn;Q96119259
Wénlín;Q125029748
Wenlong;Q110633768
Wénqìng;Q125252966
Wénqīng;Q124468110
Wénruì;Q125264114
Wensley;Q117349389
Wenxiong;Q110625554
Wényīng;Q124383371
Wenyu;Q125018957
Wényù;Q124528078
Wényuān;Q124845951
Wenzel;Q19597963
Wénzhāo;Q124612931
Wenzheng;Q124285091
Wénzhèng;Q124542344
Westby;Q89391041
Westcott;Q94171306
Western;Q46600071
Weymouth;Q115691214
Wheler;Q113920981
White;Q42310565
Whitefield;Q113128353
Whitehouse;Q110746157
Whitfield;Q104034893
Whittier;Q131470364
Whitworth;Q111048153
Wicher;Q21143404
Wieger;Q21143031
Wieke;Q18615503
Wietse;Q21148655
Wightman;Q88436616
Wilberforce;Q40158648
Wilburn;Q89753390
Wildman;Q64198486
Wiley;Q91150162
Wilho;Q61957834
Wilkins;Q111041017
Wilkinson;Q97690211
Wilks;Q104597689
Willemijn;Q2576805
Willet;Q122962049
Williamson;Q47469344
Willing;Q106312090
Willington;Q95388855
Winsome;Q47524116
Winson;Q111050082
Winter;Q89413343
Winthrop;Q21057291
Wise;Q114772068
Wissem;Q3569472
Wolfe;Q63649702
Wolmar;Q61957919
Wolsey;Q108252349
Won;Q20080348
Won-gi;Q68801120
Wood;Q29879799
Woodhouse;Q107298663
Woodley;Q96180167
Woodman;Q113128264
Woodson;Q97119319
Woodward;Q110772353
Woolmore;Q122861619
Worth;Q104435062
Wright;Q30015571
Wroughton;Q113128197
Wu;Q96620501
Wu;Q97653045
Wú;Q124635100
Wulff;Q85910096
Wynford;Q71146015
Wynn;Q63111146
Wynne;Q18324412
X.;Q19803524
Xenophon;Q105064650
Xhemail;Q122216067
Xhemal;Q122215399
Xhemil;Q122206037
Xheni;Q126944732
Xhevat;Q116858736
Xi;Q105627075
Xi;Q106967908
Xi;Q96096913
Xi;Q96928798
Xǐ;Q125153243
Xī;Q108502661
Xī;Q125370745
Xia;Q124466604
Xian;Q106855787
Xian;Q107581265
Xian;Q96251237
Xián;Q125165877
Xiàn;Q131275211
Xiang;Q94084790
Xiang;Q96577190
Xiāng;Q125216736
Xiànwén;Q125356560
Xiànzhī;Q125029292
Xianzhong;Q107581081
Xiao;Q105440237
Xiao;Q19810513
Xiao;Q96978968
Xiaobo;Q105440094
Xiaohui;Q23655557
Xiè;Q125246093
Xin;Q106855788
Xin;Q2867936
Xin;Q94516267
Xīn;Q125352503
Xīn;Q66363498
Xing;Q106832390
Xing;Q106913548
Xing;Q96324139
Xiong;Q108598090
Xīshèng;Q124434041
Xiù;Q124625587
Xiù;Q124625622
Xiulan;Q110707500
Xiuying;Q104373216
Xiuzhen;Q110707748
Xu;Q125188208
Xù;Q106858177
Xū;Q125186964
Xuan;Q104475579
Xuan;Q106992788
Xuan;Q21936848
Xuân;Q97164794
Xuǎn;Q125188913
Xuān;Q124706671
Xue;Q96473295
Xuélǐ;Q124883082
Xùn;Q106844965
Xùn;Q107097033
Y.;Q19803525
Yachiyo;Q106084381
Yahia;Q20998306
Yakir;Q105036828
Yale;Q28344117
Yali;Q39140100
Yan;Q108505331
Yan;Q108506102
Yan;Q108849121
Yan;Q109409188
Yán;Q124807169
Yán;Q124807295
Yǎn;Q124388777
Yǎn;Q125132946
Yang;Q110906552
Yang;Q19810523
Yang;Q96623649
Yáng;Q125154469
Yangchen;Q106851003
Yang-ho;Q69507178
Yannian;Q69507256
Yash;Q54943927
Yasunaga;Q105320767
Yates;Q64355416
Yazid;Q29561457
Ye;Q125145143
Ye;Q20085843
Yè;Q125145080
Yè;Q125147500
Yehia;Q8051242
Yelverton;Q42309315
Yeon;Q17152342
Yeong;Q16256914
Yeong-bae;Q69507314
Yeong-bok;Q69507303
Yeong-gu;Q69507371
Yeong-seop;Q68800754
Yí;Q106844972
Yí;Q107645484
Yí;Q125084611
Yí;Q96140293
Yì;Q105453983
Yì;Q110878234
Yì;Q96140292
Yì;Q96177573
Yì;Q97063430
Yǐ;Q96141438
Yī;Q124856430
Yijun;Q67172554
Yīlín;Q125262370
Yiming;Q81162962
Yin;Q106918717
Ying;Q105447400
Ying;Q97573282
Yíng;Q124695140
Yīng;Q94957785
Yīngjùn;Q124843607
Yìngwén;Q124274869
Yìngxiáng;Q125265694
Yisrael;Q51131086
Ymer;Q122205996
Yoeri;Q101427620
Yong;Q105643363
Yong;Q19969239
Yǒng;Q125256104
Yongchang;Q70363782
Yong-chul;Q69507182
Yong-deok;Q69507626
Yong-man;Q69507653
Yong-seok;Q68790550
Yong-sik;Q69507153
Yong-su;Q68489535
Yong-u;Q68798092
York;Q42228162
You;Q105444501
You;Q110818068
You;Q96247313
You;Q96465814
You;Q97600546
Yǒuliàng;Q124982095
Young-man;Q69507524
Young-sam;Q69507292
Yǒupéng;Q124517843
Yǒuqìng;Q124758546
Yu;Q105427334
Yu;Q106766424
Yu;Q107979066
Yu;Q110857334
Yu;Q125130866
Yu;Q20085847
Yu;Q96107385
Yu;Q96107479
Yu;Q96483224
Yu;Q98398734
Yú;Q124540674
Yú;Q125274663
Yuan;Q105426885
Yuan;Q96460299
Yuan;Q97638464
Yuanchang;Q105627982
Yuanfang;Q105627981
Yuanjing;Q105627983
Yuanli;Q105638652
Yuánruì;Q124433654
Yuányīng;Q124880847
Yuanyu;Q105639481
Yuanyuan;Q81906967
Yücel;Q58210947
Yuchen;Q81908046
Yue;Q106967914
Yue;Q96748276
Yùhéng;Q125148910
Yulan;Q110707756
Yùlín;Q124935675
Yume;Q58785527
Yun;Q106766543
Yun;Q106842804
Yun;Q110866487
Yun;Q20080347
Yun;Q94551012
Yùnchāng;Q124883597
Yunfei;Q8061244
Yǔqīng;Q125069939
Yveline;Q63350762
Yves;Q1920728
Z.;Q19803526
Zahid;Q100275580
Zài;Q106868715
Zain/Zayn;Q3574623
Zaki;Q21501983
Zamira;Q122206051
Zan;Q110872985
Ze;Q105627078
Ze;Q96098353
Zé;Q124651049
Zé;Q125217513
Zeb;Q54426000
Zebina;Q104434158
Zeca;Q21285934
Zémín;Q95577476
Zeng;Q108470944
Zenun;Q122207364
Zeqir;Q116693031
Zerline;Q63681222
Zev;Q16282894
Zevi;Q26868862
Zhān;Q106855795
Zhang;Q110920304
Zhang;Q19997437
Zhao;Q96748282
Zhao;Q97500755
Zhào;Q124314733
Zhāo;Q125255539
Zhe;Q97479098
Zhen;Q105627067
Zhen;Q107007967
Zhen;Q107394877
Zhen;Q97576715
Zhèndōng;Q124353400
Zheng;Q96757010
Zhēng;Q110660254
Zhēng;Q110830362
Zhēng;Q125103539
Zhèngfū;Q124956526
Zhengxiong;Q110633760
Zhèngzhōng;Q124427683
Zhenyu;Q81901285
Zhi;Q108613543
Zhi;Q110608560
Zhi;Q110652923
Zhi;Q110877746
Zhi;Q94440605
Zhi;Q94500969
Zhì;Q125312755
Zhī;Q124757806
Zhicheng;Q110633594
Zhide;Q123797537
Zhihao;Q110625542
Zhihong;Q110633759
Zhīlǐ;Q124966838
Zhiqiang;Q75967112
Zhiwei;Q106758687
Zhixiang;Q94086281
Zhixiong;Q110652665
Zhiyong;Q19857264
Zhìyǒng;Q124811192
Zhiyuan;Q81902257
Zhìzhōng;Q125152772
Zhong;Q94607987
Zhòngjié;Q124842560
Zhòngjìng;Q125313678
Zhòngmóu;Q124433822
Zhongshan;Q95048030
Zhōngzhèng;Q124427527
Zhou;Q96384126
Zhou;Q96465847
Zhou;Q96623645
Zhu;Q96096110
Zhù;Q124692939
Zhū;Q124814778
Zhuang;Q96465836
Zhuàng;Q96374485
Zhun;Q105683557
Zhuo;Q124322012
Zhuó;Q125216294
Zī;Q125241389
Zihao;Q123482236
Zǐjìng;Q125016942
Zǐlì;Q124842849
Zǐlǐ;Q124967595
Zilong;Q96240609
Zǐmíng;Q125119843
Zǐqīn;Q125121020
Zǐshùn;Q124843014
Ziv;Q100275464
Ziyad;Q84177389
Ziyu;Q110859793
Ziyuan;Q105728371
Zong;Q96251267
Zonghan;Q110633761
Zonghan;Q97101827
Zongsheng;Q105426743
Zongsheng;Q105426847
Zōngwén;Q125256581
Zōngyí;Q125087550
Zōngyì;Q125087194
Zōngyī;Q125102799
Zoubir;Q115144943
Zu;Q106844731
Zun;Q106843484
Zuo;Q105623581
Zvika;Q8075560
Zyhdi;Q122205994
